﻿[
  {
    "employeeId": "16a596ae-edd3-4847-99fe-c4518e82c86f",
    "effectiveDate": "2015-01-01",
    "salary": "200000"
  },
  {
    "employeeId": "b7839309-3348-463b-a7e3-5de1c168beb3",
    "effectiveDate": "2016-01-01",
    "salary": "175000"
  },
  {
    "employeeId": "03aa1462-ffa9-4978-901b-7c001562cf6f",
    "effectiveDate": "2017-01-01",
    "salary": "150000"
  },
  {
    "employeeId": "62c1084e-6e34-4630-93fd-9153afb65309",
    "effectiveDate": "2018-01-01",
    "salary": "125000"
  },
  {
    "employeeId": "c0c2293d-16bd-4603-8e08-638a9d18b22c",
    "effectiveDate": "2019-01-01",
    "salary": "100000"
  }
]
